harley01_pic;Harley Quinn;;;;;;;;;;;;;x
harley01_pic_desc;Hidden.;;;;;;;;;;;;;x
harley02_pic;Portrait;;;;;;;;;;;;;x
harley02_pic_desc;Hidden;;;;;;;;;;;;;x
harley03_pic;Portrait;;;;;;;;;;;;;x
harley03_pic_desc;Hidden;;;;;;;;;;;;;x
harley04_pic;Portrait;;;;;;;;;;;;;x
harley04_pic_desc;Hidden;;;;;;;;;;;;;x
harley05_pic;Portrait;;;;;;;;;;;;;x
harley05_pic_desc;Hidden;;;;;;;;;;;;;x
batgirl01_pic;Portrait;;;;;;;;;;;;;x
batgirl01_pic_desc;Hidden;;;;;;;;;;;;;x
batgirl02_pic;Portrait;;;;;;;;;;;;;x
batgirl02_pic_desc;Hidden;;;;;;;;;;;;;x
batgirl03_pic;Portrait;;;;;;;;;;;;;x
batgirl03_pic_desc;Hidden;;;;;;;;;;;;;x
batgirl04_pic;Portrait;;;;;;;;;;;;;x
batgirl04_pic_desc;Hidden;;;;;;;;;;;;;x
poisonivy01_pic;Portrait;;;;;;;;;;;;;x
poisonivy01_pic_desc;Hidden;;;;;;;;;;;;;x
dashparr02_pic;Portrait;;;;;;;;;;;;;x
dashparr02_pic_desc;Hidden;;;;;;;;;;;;;x
hela01_pic;Portrait;;;;;;;;;;;;;x
hela01_pic_desc;Hidden;;;;;;;;;;;;;x
hela02_pic;Portrait;;;;;;;;;;;;;x
hela02_pic_desc;Hidden;;;;;;;;;;;;;x
spidergwen01_pic;Portrait;;;;;;;;;;;;;x
spidergwen01_pic_desc;Hidden;;;;;;;;;;;;;x
spidergwen02_pic;Portrait;;;;;;;;;;;;;x
spidergwen02_pic_desc;Hidden;;;;;;;;;;;;;x
spidergwen03_pic;Portrait;;;;;;;;;;;;;x
spidergwen03_pic_desc;Hidden;;;;;;;;;;;;;x
spidergwen04_pic;Portrait;;;;;;;;;;;;;x
spidergwen04_pic_desc;Hidden;;;;;;;;;;;;;x
captainmarvel01_pic;Portrait;;;;;;;;;;;;;x
captainmarvel01_pic_desc;Hidden;;;;;;;;;;;;;x
captainmarvel02_pic;Portrait;;;;;;;;;;;;;x
captainmarvel02_pic_desc;Hidden;;;;;;;;;;;;;x
livewire01_pic;Portrait;;;;;;;;;;;;;x
livewire01_pic_desc;Hidden;;;;;;;;;;;;;x
livewire02_pic;Portrait;;;;;;;;;;;;;x
livewire02_pic_desc;Hidden;;;;;;;;;;;;;x
blackwidow01_pic;Portrait;;;;;;;;;;;;;x
blackwidow01_pic_desc;Hidden;;;;;;;;;;;;;x
blackwidow02_pic;Portrait;;;;;;;;;;;;;x
blackwidow02_pic_desc;Hidden;;;;;;;;;;;;;x
blackwidow03_pic;Portrait;;;;;;;;;;;;;x
blackwidow03_pic_desc;Hidden;;;;;;;;;;;;;x
blackwidow04_pic;Portrait;;;;;;;;;;;;;x
blackwidow04_pic_desc;Hidden;;;;;;;;;;;;;x
powergirl01_pic;Portrait;;;;;;;;;;;;;x
powergirl01_pic_desc;Hidden;;;;;;;;;;;;;x
redrobin01_pic;Portrait;;;;;;;;;;;;;x
redrobin01_pic_desc;Hidden;;;;;;;;;;;;;x
redrobin02_pic;Portrait;;;;;;;;;;;;;x
redrobin02_pic_desc;Hidden;;;;;;;;;;;;;x
redrobin03_pic;Portrait;;;;;;;;;;;;;x
redrobin03_pic_desc;Hidden;;;;;;;;;;;;;x
redrobin04_pic;Portrait;;;;;;;;;;;;;x
redrobin04_pic_desc;Hidden;;;;;;;;;;;;;x
vulture01_pic;Portrait;;;;;;;;;;;;;x
vulture01_pic_desc;Hidden;;;;;;;;;;;;;x
violetparr02_pic;Portrait;;;;;;;;;;;;;x
violetparr02_pic_desc;Hidden;;;;;;;;;;;;;x
bobparr02_pic;Portrait;;;;;;;;;;;;;x
bobparr02_pic_desc;Hidden;;;;;;;;;;;;;x
helenparr02_pic;Portrait;;;;;;;;;;;;;x
helenparr02_pic_desc;Hidden;;;;;;;;;;;;;x
spiderman01_pic;Portrait;;;;;;;;;;;;;x
spiderman01_pic_desc;Hidden;;;;;;;;;;;;;x
spiderman02_pic;Portrait;;;;;;;;;;;;;x
spiderman02_pic_desc;Hidden;;;;;;;;;;;;;x
spiderman03_pic;Portrait;;;;;;;;;;;;;x
spiderman03_pic_desc;Hidden;;;;;;;;;;;;;x
spiderman04_pic;Portrait;;;;;;;;;;;;;x
spiderman04_pic_desc;Hidden;;;;;;;;;;;;;x
venom01_pic;Venom;;;;;;;;;;;;;x
venom01_pic_desc;Hidden;;;;;;;;;;;;;x
twosix01_pic;Two-Six;;;;;;;;;;;;;x
twosix01_pic_desc;Hidden;;;;;;;;;;;;;x
astrid01_pic;Astrid;;;;;;;;;;;;;x
astrid01_pic_desc;Hidden;;;;;;;;;;;;;x
hiccup01_pic;Hiccup;;;;;;;;;;;;;x
hiccup01_pic_desc;Hidden;;;;;;;;;;;;;x
joker01_pic;Joker;;;;;;;;;;;;;x
joker01_pic_desc;Hidden;;;;;;;;;;;;;x
joker02_pic;Joker;;;;;;;;;;;;;x
joker02_pic_desc;Hidden;;;;;;;;;;;;;x
joker03_pic;Joker;;;;;;;;;;;;;x
joker03_pic_desc;Hidden;;;;;;;;;;;;;x
joker04_pic;Joker;;;;;;;;;;;;;x
joker04_pic_desc;Hidden;;;;;;;;;;;;;x
helenparr01_pic;Helen Parr;;;;;;;;;;;;;x
helenparr01_pic_desc;Hidden;;;;;;;;;;;;;x
violetparr01_pic;Violet Parr;;;;;;;;;;;;;x
violetparr01_pic_desc;Hidden;;;;;;;;;;;;;x
bobparr01_pic;Bob Parr;;;;;;;;;;;;;x
bobparr01_pic_desc;Hidden;;;;;;;;;;;;;x
dashparr01_pic;Dash Parr;;;;;;;;;;;;;x
dashparr01_pic_desc;Hidden;;;;;;;;;;;;;x
syndrome01_pic;Syndrome;;;;;;;;;;;;;x
syndrome01_pic_desc;Hidden;;;;;;;;;;;;;x
syndrome02_pic;Syndrome;;;;;;;;;;;;;x
syndrome02_pic_desc;Hidden;;;;;;;;;;;;;x
tentacle01_pic;Female Tentacle pic;;;;;;;;;;;;;x
tentacle01_pic_desc;Hidden;;;;;;;;;;;;;x
tentacle02_pic;Female Tentacle pic;;;;;;;;;;;;;x
tentacle02_pic_desc;Hidden;;;;;;;;;;;;;x
tentacle03_pic;Female Tentacle pic;;;;;;;;;;;;;x
tentacle03_pic_desc;Hidden;;;;;;;;;;;;;x
tentacle04_pic;Female Tentacle pic;;;;;;;;;;;;;x
tentacle04_pic_desc;Hidden;;;;;;;;;;;;;x
tentacle05_pic;Tentacle pic;;;;;;;;;;;;;x
tentacle05_pic_desc;Hidden;;;;;;;;;;;;;x
tentacle06_pic;Tentacle pic;;;;;;;;;;;;;x
tentacle06_pic_desc;Hidden;;;;;;;;;;;;;x
tentacle07_pic;Tentacle pic;;;;;;;;;;;;;x
tentacle07_pic_desc;Hidden;;;;;;;;;;;;;x
tentacle08_pic;Tentacle pic;;;;;;;;;;;;;x
tentacle08_pic_desc;Hidden;;;;;;;;;;;;;x
tentacle09_pic;Tentacle pic;;;;;;;;;;;;;x
tentacle09_pic_desc;Hidden;;;;;;;;;;;;;x
tentacle10_pic;Tentacle pic;;;;;;;;;;;;;x
tentacle10_pic_desc;Hidden;;;;;;;;;;;;;x
tentacle11_pic;Tentacle pic;;;;;;;;;;;;;x
tentacle11_pic_desc;Hidden;;;;;;;;;;;;;x
tentacle12_pic;Tentacle pic;;;;;;;;;;;;;x
tentacle12_pic_desc;Hidden;;;;;;;;;;;;;x
tentacle13_pic;Tentacle pic;;;;;;;;;;;;;x
tentacle13_pic_desc;Hidden;;;;;;;;;;;;;x
tentacle14_pic;Tentacle pic;;;;;;;;;;;;;x
tentacle14_pic_desc;Hidden;;;;;;;;;;;;;x
tentacle15_pic;Tentacle pic;;;;;;;;;;;;;x
tentacle15_pic_desc;Hidden;;;;;;;;;;;;;x
tentacle16_pic;Tentacle pic;;;;;;;;;;;;;x
tentacle16_pic_desc;Hidden;;;;;;;;;;;;;x
tentacle17_pic;Tentacle pic;;;;;;;;;;;;;x
tentacle17_pic_desc;Hidden;;;;;;;;;;;;;x
tentacle18_pic;Tentacle pic;;;;;;;;;;;;;x
tentacle18_pic_desc;Hidden;;;;;;;;;;;;;x
tentacle19_pic;Tentacle pic;;;;;;;;;;;;;x
tentacle19_pic_desc;Hidden;;;;;;;;;;;;;x
tentacle20_pic;Tentacle pic;;;;;;;;;;;;;x
tentacle20_pic_desc;Hidden;;;;;;;;;;;;;x
tentacle21_pic;Tentacle pic;;;;;;;;;;;;;x
tentacle21_pic_desc;Hidden;;;;;;;;;;;;;x
tentacle22_pic;Tentacle pic;;;;;;;;;;;;;x
tentacle22_pic_desc;Hidden;;;;;;;;;;;;;x
tentacle23_pic;Tentacle pic;;;;;;;;;;;;;x
tentacle23_pic_desc;Hidden;;;;;;;;;;;;;x
tentacle24_pic;Tentacle pic;;;;;;;;;;;;;x
tentacle24_pic_desc;Hidden;;;;;;;;;;;;;x
tentacle25_pic;Tentacle pic;;;;;;;;;;;;;x
tentacle25_pic_desc;Hidden;;;;;;;;;;;;;x
tentacle26_pic;Tentacle pic;;;;;;;;;;;;;x
tentacle26_pic_desc;Hidden;;;;;;;;;;;;;x
killerfrost01_pic;Hidden;;;;;;;;;;;;;x
killerfrost02_pic;Hidden;;;;;;;;;;;;;x
batman01_pic;Hidden;;;;;;;;;;;;;x
batman02_pic;Hidden;;;;;;;;;;;;;x
volcana01_pic;Hidden;;;;;;;;;;;;;x
starfire01_pic;Hidden;;;;;;;;;;;;;x
starfire02_pic;Hidden;;;;;;;;;;;;;x
giganta01_pic;Hidden;;;;;;;;;;;;;x
giganta02_pic;Hidden;;;;;;;;;;;;;x
blackfire01_pic;Hidden;;;;;;;;;;;;;x
blackfire02_pic;Hidden;;;;;;;;;;;;;x
thanos01_pic;Hidden;;;;;;;;;;;;;x
beastboy01_pic;Hidden;;;;;;;;;;;;;x
blackcat01_pic;Hidden;;;;;;;;;;;;;x
artemiscrock01_pic;Hidden;;;;;;;;;;;;;x
artemiscrock02_pic;Hidden;;;;;;;;;;;;;x
jinx01_pic;Hidden;;;;;;;;;;;;;x
desiree01_pic;Hidden;;;;;;;;;;;;;x
desiree02_pic;Hidden;;;;;;;;;;;;;x
mirage01_pic;Hidden;;;;;;;;;;;;;x
wonderwoman01_pic;Hidden;;;;;;;;;;;;;x
wonderwoman02_pic;Hidden;;;;;;;;;;;;;x
wolverine01_pic;Hidden;;;;;;;;;;;;;x
wolverine02_pic;Hidden;;;;;;;;;;;;;x
rogue01_pic;Hidden;;;;;;;;;;;;;x
rogue02_pic;Hidden;;;;;;;;;;;;;x
platypoa01_pic;Hidden;;;;;;;;;;;;;x
raven01_pic;Hidden;;;;;;;;;;;;;x
nightwing01_pic;Hidden;;;;;;;;;;;;;x
nightwing02_pic;Hidden;;;;;;;;;;;;;x
missmartian01_pic;Hidden;;;;;;;;;;;;;x
deathstroke01_pic;Hidden;;;;;;;;;;;;;x
deathstroke02_pic;Hidden;;;;;;;;;;;;;x
thor01_pic;Hidden;;;;;;;;;;;;;x
thor02_pic;Hidden;;;;;;;;;;;;;x
loki01_pic;Hidden;;;;;;;;;;;;;x
loki02_pic;Hidden;;;;;;;;;;;;;x
storm01_pic;Hidden;;;;;;;;;;;;;x
emmafrost01_pic;Hidden;;;;;;;;;;;;;x
jeangrey01_pic;Hidden;;;;;;;;;;;;;x
jeangrey02_pic;Hidden;;;;;;;;;;;;;x
jubilee01_pic;Hidden;;;;;;;;;;;;;x
jubilee02_pic;Hidden;;;;;;;;;;;;;x
shadowcat01_pic;Hidden;;;;;;;;;;;;;x
charlesxavier01_pic;Hidden;;;;;;;;;;;;;x
deadpool01_pic;Hidden;;;;;;;;;;;;;x
domino01_pic;Hidden;;;;;;;;;;;;;x
supergirl01_pic;Hidden;;;;;;;;;;;;;x
superman01_pic;Hidden;;;;;;;;;;;;;x
milesmorales01_pic;Hidden;;;;;;;;;;;;;x
milesmorales02_pic;Hidden;;;;;;;;;;;;;x
catwoman01_pic;Hidden;;;;;;;;;;;;;x
killerfrost01_pic_desc;Hidden;;;;;;;;;;;;;x
killerfrost02_pic_desc;Hidden;;;;;;;;;;;;;x
batman01_pic_desc;Hidden;;;;;;;;;;;;;x
batman02_pic_desc;Hidden;;;;;;;;;;;;;x
volcana01_pic_desc;Hidden;;;;;;;;;;;;;x
starfire01_pic_desc;Hidden;;;;;;;;;;;;;x
starfire02_pic_desc;Hidden;;;;;;;;;;;;;x
giganta01_pic_desc;Hidden;;;;;;;;;;;;;x
giganta02_pic_desc;Hidden;;;;;;;;;;;;;x
blackfire01_pic_desc;Hidden;;;;;;;;;;;;;x
blackfire02_pic_desc;Hidden;;;;;;;;;;;;;x
thanos01_pic_desc;Hidden;;;;;;;;;;;;;x
beastboy01_pic_desc;Hidden;;;;;;;;;;;;;x
blackcat01_pic_desc;Hidden;;;;;;;;;;;;;x
artemiscrock01_pic_desc;Hidden;;;;;;;;;;;;;x
artemiscrock02_pic_desc;Hidden;;;;;;;;;;;;;x
jinx01_pic_desc;Hidden;;;;;;;;;;;;;x
desiree01_pic_desc;Hidden;;;;;;;;;;;;;x
desiree02_pic_desc;Hidden;;;;;;;;;;;;;x
mirage01_pic_desc;Hidden;;;;;;;;;;;;;x
wonderwoman01_pic_desc;Hidden;;;;;;;;;;;;;x
wonderwoman02_pic_desc;Hidden;;;;;;;;;;;;;x
wolverine01_pic_desc;Hidden;;;;;;;;;;;;;x
wolverine02_pic_desc;Hidden;;;;;;;;;;;;;x
rogue01_pic_desc;Hidden;;;;;;;;;;;;;x
rogue02_pic_desc;Hidden;;;;;;;;;;;;;x
platypoa01_pic_desc;Hidden;;;;;;;;;;;;;x
raven01_pic_desc;Hidden;;;;;;;;;;;;;x
nightwing01_pic_desc;Hidden;;;;;;;;;;;;;x
nightwing02_pic_desc;Hidden;;;;;;;;;;;;;x
missmartian01_pic_desc;Hidden;;;;;;;;;;;;;x
deathstroke01_pic_desc;Hidden;;;;;;;;;;;;;x
deathstroke02_pic_desc;Hidden;;;;;;;;;;;;;x
thor01_pic_desc;Hidden;;;;;;;;;;;;;x
thor02_pic_desc;Hidden;;;;;;;;;;;;;x
loki01_pic_desc;Hidden;;;;;;;;;;;;;x
loki02_pic_desc;Hidden;;;;;;;;;;;;;x
storm01_pic_desc;Hidden;;;;;;;;;;;;;x
emmafrost01_pic_desc;Hidden;;;;;;;;;;;;;x
jeangrey01_pic_desc;Hidden;;;;;;;;;;;;;x
jeangrey02_pic_desc;Hidden;;;;;;;;;;;;;x
jubilee01_pic_desc;Hidden;;;;;;;;;;;;;x
jubilee02_pic_desc;Hidden;;;;;;;;;;;;;x
shadowcat01_pic_desc;Hidden;;;;;;;;;;;;;x
charlesxavier01_pic_desc;Hidden;;;;;;;;;;;;;x
deadpool01_pic_desc;Hidden;;;;;;;;;;;;;x
domino01_pic_desc;Hidden;;;;;;;;;;;;;x
supergirl01_pic_desc;Hidden;;;;;;;;;;;;;x
superman01_pic_desc;Hidden;;;;;;;;;;;;;x
milesmorales01_pic_desc;Hidden;;;;;;;;;;;;;x
milesmorales02_pic_desc;Hidden;;;;;;;;;;;;;x
catwoman01_pic_desc;Hidden;;;;;;;;;;;;;x
starfire03_pic;Hidden;;;;;;;;;;;;;x
starfire03_pic_desc;Hidden;;;;;;;;;;;;;x
violetparr03_pic;Hidden;;;;;;;;;;;;;x
violetparr03_pic_desc;Hidden;;;;;;;;;;;;;x
scarletwitch01_pic;Hidden;;;;;;;;;;;;;x
scarletwitch01_pic_desc;Hidden;;;;;;;;;;;;;x
scarletwitch02_pic;Hidden;;;;;;;;;;;;;x
scarletwitch02_pic_desc;Hidden;;;;;;;;;;;;;x
hyena01_pic;Female hyena pic;;;;;;;;;;;;;x
hyena01_pic_desc;Hidden;;;;;;;;;;;;;x
hyena02_pic;Female hyena pic;;;;;;;;;;;;;x
hyena02_pic_desc;Hidden;;;;;;;;;;;;;x
hyena03_pic;Female hyena pic;;;;;;;;;;;;;x
hyena03_pic_desc;Hidden;;;;;;;;;;;;;x
hyena04_pic;Female hyena pic;;;;;;;;;;;;;x
hyena04_pic_desc;Hidden;;;;;;;;;;;;;x
hyena05_pic;hyena pic;;;;;;;;;;;;;x
hyena05_pic_desc;Hidden;;;;;;;;;;;;;x
hyena06_pic;hyena pic;;;;;;;;;;;;;x
hyena06_pic_desc;Hidden;;;;;;;;;;;;;x
hyena07_pic;hyena pic;;;;;;;;;;;;;x
hyena07_pic_desc;Hidden;;;;;;;;;;;;;x
hyena08_pic;hyena pic;;;;;;;;;;;;;x
hyena08_pic_desc;Hidden;;;;;;;;;;;;;x
hyena09_pic;hyena pic;;;;;;;;;;;;;x
hyena09_pic_desc;Hidden;;;;;;;;;;;;;x
hyena10_pic;hyena pic;;;;;;;;;;;;;x
hyena10_pic_desc;Hidden;;;;;;;;;;;;;x
hyena11_pic;hyena pic;;;;;;;;;;;;;x
hyena11_pic_desc;Hidden;;;;;;;;;;;;;x
hyena12_pic;hyena pic;;;;;;;;;;;;;x
hyena12_pic_desc;Hidden;;;;;;;;;;;;;x
hyena13_pic;hyena pic;;;;;;;;;;;;;x
hyena13_pic_desc;Hidden;;;;;;;;;;;;;x
hyena14_pic;hyena pic;;;;;;;;;;;;;x
hyena14_pic_desc;Hidden;;;;;;;;;;;;;x
hyena15_pic;hyena pic;;;;;;;;;;;;;x
hyena15_pic_desc;Hidden;;;;;;;;;;;;;x
hyena16_pic;hyena pic;;;;;;;;;;;;;x
hyena16_pic_desc;Hidden;;;;;;;;;;;;;x
hyena17_pic;hyena pic;;;;;;;;;;;;;x
hyena17_pic_desc;Hidden;;;;;;;;;;;;;x
hyena18_pic;hyena pic;;;;;;;;;;;;;x
hyena18_pic_desc;Hidden;;;;;;;;;;;;;x
hyena19_pic;hyena pic;;;;;;;;;;;;;x
hyena19_pic_desc;Hidden;;;;;;;;;;;;;x
hyena20_pic;hyena pic;;;;;;;;;;;;;x
hyena20_pic_desc;Hidden;;;;;;;;;;;;;x
hyena21_pic;hyena pic;;;;;;;;;;;;;x
hyena21_pic_desc;Hidden;;;;;;;;;;;;;x
hyena22_pic;hyena pic;;;;;;;;;;;;;x
hyena22_pic_desc;Hidden;;;;;;;;;;;;;x
hyena23_pic;hyena pic;;;;;;;;;;;;;x
hyena23_pic_desc;Hidden;;;;;;;;;;;;;x
hyena24_pic;hyena pic;;;;;;;;;;;;;x
hyena24_pic_desc;Hidden;;;;;;;;;;;;;x
hyena25_pic;hyena pic;;;;;;;;;;;;;x
hyena25_pic_desc;Hidden;;;;;;;;;;;;;x
hyena26_pic;hyena pic;;;;;;;;;;;;;x
hyena26_pic_desc;Hidden;;;;;;;;;;;;;x
wolf01_pic;Hidden;;;;;;;;;;;;;x
wolf02_pic;Hidden;;;;;;;;;;;;;x
wolf03_pic;Hidden;;;;;;;;;;;;;x
wolf04_pic;Hidden;;;;;;;;;;;;;x
wolf05_pic;Hidden;;;;;;;;;;;;;x
wolf06_pic;Hidden;;;;;;;;;;;;;x
wolf07_pic;Hidden;;;;;;;;;;;;;x
wolf08_pic;Hidden;;;;;;;;;;;;;x
wolf09_pic;Hidden;;;;;;;;;;;;;x
wolf10_pic;Hidden;;;;;;;;;;;;;x
wolf11_pic;Hidden;;;;;;;;;;;;;x
wolf12_pic;Hidden;;;;;;;;;;;;;x
wolf13_pic;Hidden;;;;;;;;;;;;;x
wolf14_pic;Hidden;;;;;;;;;;;;;x
wolf15_pic;Hidden;;;;;;;;;;;;;x
wolf16_pic;Hidden;;;;;;;;;;;;;x
wolf17_pic;Hidden;;;;;;;;;;;;;x
wolf18_pic;Hidden;;;;;;;;;;;;;x
wolf19_pic;Hidden;;;;;;;;;;;;;x
wolf20_pic;Hidden;;;;;;;;;;;;;x
wolf21_pic;Hidden;;;;;;;;;;;;;x
wolf22_pic;Hidden;;;;;;;;;;;;;x
wolf23_pic;Hidden;;;;;;;;;;;;;x
wolf24_pic;Hidden;;;;;;;;;;;;;x
wolf25_pic;Hidden;;;;;;;;;;;;;x
wolf26_pic;Hidden;;;;;;;;;;;;;x
horse01_pic;Hidden;;;;;;;;;;;;;x
horse02_pic;Hidden;;;;;;;;;;;;;x
horse03_pic;Hidden;;;;;;;;;;;;;x
horse04_pic;Hidden;;;;;;;;;;;;;x
horse05_pic;Hidden;;;;;;;;;;;;;x
horse06_pic;Hidden;;;;;;;;;;;;;x
horse07_pic;Hidden;;;;;;;;;;;;;x
horse08_pic;Hidden;;;;;;;;;;;;;x
horse09_pic;Hidden;;;;;;;;;;;;;x
horse10_pic;Hidden;;;;;;;;;;;;;x
horse11_pic;Hidden;;;;;;;;;;;;;x
horse12_pic;Hidden;;;;;;;;;;;;;x
horse13_pic;Hidden;;;;;;;;;;;;;x
horse14_pic;Hidden;;;;;;;;;;;;;x
horse15_pic;Hidden;;;;;;;;;;;;;x
horse16_pic;Hidden;;;;;;;;;;;;;x
horse17_pic;Hidden;;;;;;;;;;;;;x
horse18_pic;Hidden;;;;;;;;;;;;;x
horse19_pic;Hidden;;;;;;;;;;;;;x
horse20_pic;Hidden;;;;;;;;;;;;;x
horse21_pic;Hidden;;;;;;;;;;;;;x
horse22_pic;Hidden;;;;;;;;;;;;;x
horse23_pic;Hidden;;;;;;;;;;;;;x
horse24_pic;Hidden;;;;;;;;;;;;;x
horse25_pic;Hidden;;;;;;;;;;;;;x
horse26_pic;Hidden;;;;;;;;;;;;;x
dog01_pic;Hidden;;;;;;;;;;;;;x
dog02_pic;Hidden;;;;;;;;;;;;;x
dog03_pic;Hidden;;;;;;;;;;;;;x
dog04_pic;Hidden;;;;;;;;;;;;;x
dog05_pic;Hidden;;;;;;;;;;;;;x
dog06_pic;Hidden;;;;;;;;;;;;;x
dog07_pic;Hidden;;;;;;;;;;;;;x
dog08_pic;Hidden;;;;;;;;;;;;;x
dog09_pic;Hidden;;;;;;;;;;;;;x
dog10_pic;Hidden;;;;;;;;;;;;;x
dog11_pic;Hidden;;;;;;;;;;;;;x
dog12_pic;Hidden;;;;;;;;;;;;;x
dog13_pic;Hidden;;;;;;;;;;;;;x
dog14_pic;Hidden;;;;;;;;;;;;;x
dog15_pic;Hidden;;;;;;;;;;;;;x
dog16_pic;Hidden;;;;;;;;;;;;;x
dog17_pic;Hidden;;;;;;;;;;;;;x
dog18_pic;Hidden;;;;;;;;;;;;;x
dog19_pic;Hidden;;;;;;;;;;;;;x
dog20_pic;Hidden;;;;;;;;;;;;;x
dog21_pic;Hidden;;;;;;;;;;;;;x
dog22_pic;Hidden;;;;;;;;;;;;;x
dog23_pic;Hidden;;;;;;;;;;;;;x
dog24_pic;Hidden;;;;;;;;;;;;;x
dog25_pic;Hidden;;;;;;;;;;;;;x
dog26_pic;Hidden;;;;;;;;;;;;;x
cat01_pic;Hidden;;;;;;;;;;;;;x
cat02_pic;Hidden;;;;;;;;;;;;;x
cat03_pic;Hidden;;;;;;;;;;;;;x
cat04_pic;Hidden;;;;;;;;;;;;;x
cat05_pic;Hidden;;;;;;;;;;;;;x
cat06_pic;Hidden;;;;;;;;;;;;;x
cat07_pic;Hidden;;;;;;;;;;;;;x
cat08_pic;Hidden;;;;;;;;;;;;;x
cat09_pic;Hidden;;;;;;;;;;;;;x
cat10_pic;Hidden;;;;;;;;;;;;;x
cat11_pic;Hidden;;;;;;;;;;;;;x
cat12_pic;Hidden;;;;;;;;;;;;;x
cat13_pic;Hidden;;;;;;;;;;;;;x
cat14_pic;Hidden;;;;;;;;;;;;;x
cat15_pic;Hidden;;;;;;;;;;;;;x
cat16_pic;Hidden;;;;;;;;;;;;;x
cat17_pic;Hidden;;;;;;;;;;;;;x
cat18_pic;Hidden;;;;;;;;;;;;;x
cat19_pic;Hidden;;;;;;;;;;;;;x
cat20_pic;Hidden;;;;;;;;;;;;;x
cat21_pic;Hidden;;;;;;;;;;;;;x
cat22_pic;Hidden;;;;;;;;;;;;;x
cat23_pic;Hidden;;;;;;;;;;;;;x
cat24_pic;Hidden;;;;;;;;;;;;;x
cat25_pic;Hidden;;;;;;;;;;;;;x
cat26_pic;Hidden;;;;;;;;;;;;;x
fox01_pic;Hidden;;;;;;;;;;;;;x
fox02_pic;Hidden;;;;;;;;;;;;;x
fox03_pic;Hidden;;;;;;;;;;;;;x
fox04_pic;Hidden;;;;;;;;;;;;;x
fox05_pic;Hidden;;;;;;;;;;;;;x
fox06_pic;Hidden;;;;;;;;;;;;;x
fox07_pic;Hidden;;;;;;;;;;;;;x
fox08_pic;Hidden;;;;;;;;;;;;;x
fox09_pic;Hidden;;;;;;;;;;;;;x
fox10_pic;Hidden;;;;;;;;;;;;;x
fox11_pic;Hidden;;;;;;;;;;;;;x
fox12_pic;Hidden;;;;;;;;;;;;;x
fox13_pic;Hidden;;;;;;;;;;;;;x
fox14_pic;Hidden;;;;;;;;;;;;;x
fox15_pic;Hidden;;;;;;;;;;;;;x
fox16_pic;Hidden;;;;;;;;;;;;;x
fox17_pic;Hidden;;;;;;;;;;;;;x
fox18_pic;Hidden;;;;;;;;;;;;;x
fox19_pic;Hidden;;;;;;;;;;;;;x
fox20_pic;Hidden;;;;;;;;;;;;;x
fox21_pic;Hidden;;;;;;;;;;;;;x
fox22_pic;Hidden;;;;;;;;;;;;;x
fox23_pic;Hidden;;;;;;;;;;;;;x
fox24_pic;Hidden;;;;;;;;;;;;;x
fox25_pic;Hidden;;;;;;;;;;;;;x
fox26_pic;Hidden;;;;;;;;;;;;;x
dragon01_pic;Hidden;;;;;;;;;;;;;x
dragon02_pic;Hidden;;;;;;;;;;;;;x
dragon03_pic;Hidden;;;;;;;;;;;;;x
dragon04_pic;Hidden;;;;;;;;;;;;;x
dragon05_pic;Hidden;;;;;;;;;;;;;x
dragon06_pic;Hidden;;;;;;;;;;;;;x
dragon07_pic;Hidden;;;;;;;;;;;;;x
dragon08_pic;Hidden;;;;;;;;;;;;;x
dragon09_pic;Hidden;;;;;;;;;;;;;x
dragon10_pic;Hidden;;;;;;;;;;;;;x
dragon11_pic;Hidden;;;;;;;;;;;;;x
dragon12_pic;Hidden;;;;;;;;;;;;;x
dragon13_pic;Hidden;;;;;;;;;;;;;x
dragon14_pic;Hidden;;;;;;;;;;;;;x
dragon15_pic;Hidden;;;;;;;;;;;;;x
dragon16_pic;Hidden;;;;;;;;;;;;;x
dragon17_pic;Hidden;;;;;;;;;;;;;x
dragon18_pic;Hidden;;;;;;;;;;;;;x
dragon19_pic;Hidden;;;;;;;;;;;;;x
dragon20_pic;Hidden;;;;;;;;;;;;;x
dragon21_pic;Hidden;;;;;;;;;;;;;x
dragon22_pic;Hidden;;;;;;;;;;;;;x
dragon23_pic;Hidden;;;;;;;;;;;;;x
dragon24_pic;Hidden;;;;;;;;;;;;;x
dragon25_pic;Hidden;;;;;;;;;;;;;x
dragon26_pic;Hidden;;;;;;;;;;;;;x
demon01_pic;Hidden;;;;;;;;;;;;;x
demon02_pic;Hidden;;;;;;;;;;;;;x
demon03_pic;Hidden;;;;;;;;;;;;;x
demon04_pic;Hidden;;;;;;;;;;;;;x
demon05_pic;Hidden;;;;;;;;;;;;;x
demon06_pic;Hidden;;;;;;;;;;;;;x
demon07_pic;Hidden;;;;;;;;;;;;;x
demon08_pic;Hidden;;;;;;;;;;;;;x
demon09_pic;Hidden;;;;;;;;;;;;;x
demon10_pic;Hidden;;;;;;;;;;;;;x
demon11_pic;Hidden;;;;;;;;;;;;;x
demon12_pic;Hidden;;;;;;;;;;;;;x
demon13_pic;Hidden;;;;;;;;;;;;;x
demon14_pic;Hidden;;;;;;;;;;;;;x
demon15_pic;Hidden;;;;;;;;;;;;;x
demon16_pic;Hidden;;;;;;;;;;;;;x
demon17_pic;Hidden;;;;;;;;;;;;;x
demon18_pic;Hidden;;;;;;;;;;;;;x
demon19_pic;Hidden;;;;;;;;;;;;;x
demon20_pic;Hidden;;;;;;;;;;;;;x
demon21_pic;Hidden;;;;;;;;;;;;;x
demon22_pic;Hidden;;;;;;;;;;;;;x
demon23_pic;Hidden;;;;;;;;;;;;;x
demon24_pic;Hidden;;;;;;;;;;;;;x
demon25_pic;Hidden;;;;;;;;;;;;;x
demon26_pic;Hidden;;;;;;;;;;;;;x
angel01_pic;Hidden;;;;;;;;;;;;;x
angel02_pic;Hidden;;;;;;;;;;;;;x
angel03_pic;Hidden;;;;;;;;;;;;;x
angel04_pic;Hidden;;;;;;;;;;;;;x
angel05_pic;Hidden;;;;;;;;;;;;;x
angel06_pic;Hidden;;;;;;;;;;;;;x
angel07_pic;Hidden;;;;;;;;;;;;;x
angel08_pic;Hidden;;;;;;;;;;;;;x
angel09_pic;Hidden;;;;;;;;;;;;;x
angel10_pic;Hidden;;;;;;;;;;;;;x
angel11_pic;Hidden;;;;;;;;;;;;;x
angel12_pic;Hidden;;;;;;;;;;;;;x
angel13_pic;Hidden;;;;;;;;;;;;;x
angel14_pic;Hidden;;;;;;;;;;;;;x
angel15_pic;Hidden;;;;;;;;;;;;;x
angel16_pic;Hidden;;;;;;;;;;;;;x
angel17_pic;Hidden;;;;;;;;;;;;;x
angel18_pic;Hidden;;;;;;;;;;;;;x
angel19_pic;Hidden;;;;;;;;;;;;;x
angel20_pic;Hidden;;;;;;;;;;;;;x
angel21_pic;Hidden;;;;;;;;;;;;;x
angel22_pic;Hidden;;;;;;;;;;;;;x
angel23_pic;Hidden;;;;;;;;;;;;;x
angel24_pic;Hidden;;;;;;;;;;;;;x
angel25_pic;Hidden;;;;;;;;;;;;;x
angel26_pic;Hidden;;;;;;;;;;;;;x
orc01_pic;Hidden;;;;;;;;;;;;;x
orc02_pic;Hidden;;;;;;;;;;;;;x
orc03_pic;Hidden;;;;;;;;;;;;;x
orc04_pic;Hidden;;;;;;;;;;;;;x
orc05_pic;Hidden;;;;;;;;;;;;;x
orc06_pic;Hidden;;;;;;;;;;;;;x
orc07_pic;Hidden;;;;;;;;;;;;;x
orc08_pic;Hidden;;;;;;;;;;;;;x
orc09_pic;Hidden;;;;;;;;;;;;;x
orc10_pic;Hidden;;;;;;;;;;;;;x
orc11_pic;Hidden;;;;;;;;;;;;;x
orc12_pic;Hidden;;;;;;;;;;;;;x
orc13_pic;Hidden;;;;;;;;;;;;;x
orc14_pic;Hidden;;;;;;;;;;;;;x
orc15_pic;Hidden;;;;;;;;;;;;;x
orc16_pic;Hidden;;;;;;;;;;;;;x
orc17_pic;Hidden;;;;;;;;;;;;;x
orc18_pic;Hidden;;;;;;;;;;;;;x
orc19_pic;Hidden;;;;;;;;;;;;;x
orc20_pic;Hidden;;;;;;;;;;;;;x
orc21_pic;Hidden;;;;;;;;;;;;;x
orc22_pic;Hidden;;;;;;;;;;;;;x
orc23_pic;Hidden;;;;;;;;;;;;;x
orc24_pic;Hidden;;;;;;;;;;;;;x
orc25_pic;Hidden;;;;;;;;;;;;;x
orc26_pic;Hidden;;;;;;;;;;;;;x
elf01_pic;Hidden;;;;;;;;;;;;;x
elf02_pic;Hidden;;;;;;;;;;;;;x
elf03_pic;Hidden;;;;;;;;;;;;;x
elf04_pic;Hidden;;;;;;;;;;;;;x
elf05_pic;Hidden;;;;;;;;;;;;;x
elf06_pic;Hidden;;;;;;;;;;;;;x
elf07_pic;Hidden;;;;;;;;;;;;;x
elf08_pic;Hidden;;;;;;;;;;;;;x
elf09_pic;Hidden;;;;;;;;;;;;;x
elf10_pic;Hidden;;;;;;;;;;;;;x
elf11_pic;Hidden;;;;;;;;;;;;;x
elf12_pic;Hidden;;;;;;;;;;;;;x
elf13_pic;Hidden;;;;;;;;;;;;;x
elf14_pic;Hidden;;;;;;;;;;;;;x
elf15_pic;Hidden;;;;;;;;;;;;;x
elf16_pic;Hidden;;;;;;;;;;;;;x
elf17_pic;Hidden;;;;;;;;;;;;;x
elf18_pic;Hidden;;;;;;;;;;;;;x
elf19_pic;Hidden;;;;;;;;;;;;;x
elf20_pic;Hidden;;;;;;;;;;;;;x
elf21_pic;Hidden;;;;;;;;;;;;;x
elf22_pic;Hidden;;;;;;;;;;;;;x
elf23_pic;Hidden;;;;;;;;;;;;;x
elf24_pic;Hidden;;;;;;;;;;;;;x
elf25_pic;Hidden;;;;;;;;;;;;;x
elf26_pic;Hidden;;;;;;;;;;;;;x
fae01_pic;Hidden;;;;;;;;;;;;;x
fae02_pic;Hidden;;;;;;;;;;;;;x
fae03_pic;Hidden;;;;;;;;;;;;;x
fae04_pic;Hidden;;;;;;;;;;;;;x
fae05_pic;Hidden;;;;;;;;;;;;;x
fae06_pic;Hidden;;;;;;;;;;;;;x
fae07_pic;Hidden;;;;;;;;;;;;;x
fae08_pic;Hidden;;;;;;;;;;;;;x
fae09_pic;Hidden;;;;;;;;;;;;;x
fae10_pic;Hidden;;;;;;;;;;;;;x
fae11_pic;Hidden;;;;;;;;;;;;;x
fae12_pic;Hidden;;;;;;;;;;;;;x
fae13_pic;Hidden;;;;;;;;;;;;;x
fae14_pic;Hidden;;;;;;;;;;;;;x
fae15_pic;Hidden;;;;;;;;;;;;;x
fae16_pic;Hidden;;;;;;;;;;;;;x
fae17_pic;Hidden;;;;;;;;;;;;;x
fae18_pic;Hidden;;;;;;;;;;;;;x
fae19_pic;Hidden;;;;;;;;;;;;;x
fae20_pic;Hidden;;;;;;;;;;;;;x
fae21_pic;Hidden;;;;;;;;;;;;;x
fae22_pic;Hidden;;;;;;;;;;;;;x
fae23_pic;Hidden;;;;;;;;;;;;;x
fae24_pic;Hidden;;;;;;;;;;;;;x
fae25_pic;Hidden;;;;;;;;;;;;;x
fae26_pic;Hidden;;;;;;;;;;;;;x
nymph01_pic;Hidden;;;;;;;;;;;;;x
nymph02_pic;Hidden;;;;;;;;;;;;;x
nymph03_pic;Hidden;;;;;;;;;;;;;x
nymph04_pic;Hidden;;;;;;;;;;;;;x
nymph05_pic;Hidden;;;;;;;;;;;;;x
nymph06_pic;Hidden;;;;;;;;;;;;;x
nymph07_pic;Hidden;;;;;;;;;;;;;x
nymph08_pic;Hidden;;;;;;;;;;;;;x
nymph09_pic;Hidden;;;;;;;;;;;;;x
nymph10_pic;Hidden;;;;;;;;;;;;;x
nymph11_pic;Hidden;;;;;;;;;;;;;x
nymph12_pic;Hidden;;;;;;;;;;;;;x
nymph13_pic;Hidden;;;;;;;;;;;;;x
nymph14_pic;Hidden;;;;;;;;;;;;;x
nymph15_pic;Hidden;;;;;;;;;;;;;x
nymph16_pic;Hidden;;;;;;;;;;;;;x
nymph17_pic;Hidden;;;;;;;;;;;;;x
nymph18_pic;Hidden;;;;;;;;;;;;;x
nymph19_pic;Hidden;;;;;;;;;;;;;x
nymph20_pic;Hidden;;;;;;;;;;;;;x
nymph21_pic;Hidden;;;;;;;;;;;;;x
nymph22_pic;Hidden;;;;;;;;;;;;;x
nymph23_pic;Hidden;;;;;;;;;;;;;x
nymph24_pic;Hidden;;;;;;;;;;;;;x
nymph25_pic;Hidden;;;;;;;;;;;;;x
nymph26_pic;Hidden;;;;;;;;;;;;;x
genie01_pic;Hidden;;;;;;;;;;;;;x
genie02_pic;Hidden;;;;;;;;;;;;;x
genie03_pic;Hidden;;;;;;;;;;;;;x
genie04_pic;Hidden;;;;;;;;;;;;;x
genie05_pic;Hidden;;;;;;;;;;;;;x
genie06_pic;Hidden;;;;;;;;;;;;;x
genie07_pic;Hidden;;;;;;;;;;;;;x
genie08_pic;Hidden;;;;;;;;;;;;;x
genie09_pic;Hidden;;;;;;;;;;;;;x
genie10_pic;Hidden;;;;;;;;;;;;;x
genie11_pic;Hidden;;;;;;;;;;;;;x
genie12_pic;Hidden;;;;;;;;;;;;;x
genie13_pic;Hidden;;;;;;;;;;;;;x
genie14_pic;Hidden;;;;;;;;;;;;;x
genie15_pic;Hidden;;;;;;;;;;;;;x
genie16_pic;Hidden;;;;;;;;;;;;;x
genie17_pic;Hidden;;;;;;;;;;;;;x
genie18_pic;Hidden;;;;;;;;;;;;;x
genie19_pic;Hidden;;;;;;;;;;;;;x
genie20_pic;Hidden;;;;;;;;;;;;;x
genie21_pic;Hidden;;;;;;;;;;;;;x
genie22_pic;Hidden;;;;;;;;;;;;;x
genie23_pic;Hidden;;;;;;;;;;;;;x
genie24_pic;Hidden;;;;;;;;;;;;;x
genie25_pic;Hidden;;;;;;;;;;;;;x
genie26_pic;Hidden;;;;;;;;;;;;;x
vampire01_pic;Hidden;;;;;;;;;;;;;x
vampire02_pic;Hidden;;;;;;;;;;;;;x
vampire03_pic;Hidden;;;;;;;;;;;;;x
vampire04_pic;Hidden;;;;;;;;;;;;;x
vampire05_pic;Hidden;;;;;;;;;;;;;x
vampire06_pic;Hidden;;;;;;;;;;;;;x
vampire07_pic;Hidden;;;;;;;;;;;;;x
vampire08_pic;Hidden;;;;;;;;;;;;;x
vampire09_pic;Hidden;;;;;;;;;;;;;x
vampire10_pic;Hidden;;;;;;;;;;;;;x
vampire11_pic;Hidden;;;;;;;;;;;;;x
vampire12_pic;Hidden;;;;;;;;;;;;;x
vampire13_pic;Hidden;;;;;;;;;;;;;x
vampire14_pic;Hidden;;;;;;;;;;;;;x
vampire15_pic;Hidden;;;;;;;;;;;;;x
vampire16_pic;Hidden;;;;;;;;;;;;;x
vampire17_pic;Hidden;;;;;;;;;;;;;x
vampire18_pic;Hidden;;;;;;;;;;;;;x
vampire19_pic;Hidden;;;;;;;;;;;;;x
vampire20_pic;Hidden;;;;;;;;;;;;;x
vampire21_pic;Hidden;;;;;;;;;;;;;x
vampire22_pic;Hidden;;;;;;;;;;;;;x
vampire23_pic;Hidden;;;;;;;;;;;;;x
vampire24_pic;Hidden;;;;;;;;;;;;;x
vampire25_pic;Hidden;;;;;;;;;;;;;x
vampire26_pic;Hidden;;;;;;;;;;;;;x

wolf01_pic_desc;Hidden;;;;;;;;;;;;;x
wolf02_pic_desc;Hidden;;;;;;;;;;;;;x
wolf03_pic_desc;Hidden;;;;;;;;;;;;;x
wolf04_pic_desc;Hidden;;;;;;;;;;;;;x
wolf05_pic_desc;Hidden;;;;;;;;;;;;;x
wolf06_pic_desc;Hidden;;;;;;;;;;;;;x
wolf07_pic_desc;Hidden;;;;;;;;;;;;;x
wolf08_pic_desc;Hidden;;;;;;;;;;;;;x
wolf09_pic_desc;Hidden;;;;;;;;;;;;;x
wolf10_pic_desc;Hidden;;;;;;;;;;;;;x
wolf11_pic_desc;Hidden;;;;;;;;;;;;;x
wolf12_pic_desc;Hidden;;;;;;;;;;;;;x
wolf13_pic_desc;Hidden;;;;;;;;;;;;;x
wolf14_pic_desc;Hidden;;;;;;;;;;;;;x
wolf15_pic_desc;Hidden;;;;;;;;;;;;;x
wolf16_pic_desc;Hidden;;;;;;;;;;;;;x
wolf17_pic_desc;Hidden;;;;;;;;;;;;;x
wolf18_pic_desc;Hidden;;;;;;;;;;;;;x
wolf19_pic_desc;Hidden;;;;;;;;;;;;;x
wolf20_pic_desc;Hidden;;;;;;;;;;;;;x
wolf21_pic_desc;Hidden;;;;;;;;;;;;;x
wolf22_pic_desc;Hidden;;;;;;;;;;;;;x
wolf23_pic_desc;Hidden;;;;;;;;;;;;;x
wolf24_pic_desc;Hidden;;;;;;;;;;;;;x
wolf25_pic_desc;Hidden;;;;;;;;;;;;;x
wolf26_pic_desc;Hidden;;;;;;;;;;;;;x
horse01_pic_desc;Hidden;;;;;;;;;;;;;x
horse02_pic_desc;Hidden;;;;;;;;;;;;;x
horse03_pic_desc;Hidden;;;;;;;;;;;;;x
horse04_pic_desc;Hidden;;;;;;;;;;;;;x
horse05_pic_desc;Hidden;;;;;;;;;;;;;x
horse06_pic_desc;Hidden;;;;;;;;;;;;;x
horse07_pic_desc;Hidden;;;;;;;;;;;;;x
horse08_pic_desc;Hidden;;;;;;;;;;;;;x
horse09_pic_desc;Hidden;;;;;;;;;;;;;x
horse10_pic_desc;Hidden;;;;;;;;;;;;;x
horse11_pic_desc;Hidden;;;;;;;;;;;;;x
horse12_pic_desc;Hidden;;;;;;;;;;;;;x
horse13_pic_desc;Hidden;;;;;;;;;;;;;x
horse14_pic_desc;Hidden;;;;;;;;;;;;;x
horse15_pic_desc;Hidden;;;;;;;;;;;;;x
horse16_pic_desc;Hidden;;;;;;;;;;;;;x
horse17_pic_desc;Hidden;;;;;;;;;;;;;x
horse18_pic_desc;Hidden;;;;;;;;;;;;;x
horse19_pic_desc;Hidden;;;;;;;;;;;;;x
horse20_pic_desc;Hidden;;;;;;;;;;;;;x
horse21_pic_desc;Hidden;;;;;;;;;;;;;x
horse22_pic_desc;Hidden;;;;;;;;;;;;;x
horse23_pic_desc;Hidden;;;;;;;;;;;;;x
horse24_pic_desc;Hidden;;;;;;;;;;;;;x
horse25_pic_desc;Hidden;;;;;;;;;;;;;x
horse26_pic_desc;Hidden;;;;;;;;;;;;;x
dog01_pic_desc;Hidden;;;;;;;;;;;;;x
dog02_pic_desc;Hidden;;;;;;;;;;;;;x
dog03_pic_desc;Hidden;;;;;;;;;;;;;x
dog04_pic_desc;Hidden;;;;;;;;;;;;;x
dog05_pic_desc;Hidden;;;;;;;;;;;;;x
dog06_pic_desc;Hidden;;;;;;;;;;;;;x
dog07_pic_desc;Hidden;;;;;;;;;;;;;x
dog08_pic_desc;Hidden;;;;;;;;;;;;;x
dog09_pic_desc;Hidden;;;;;;;;;;;;;x
dog10_pic_desc;Hidden;;;;;;;;;;;;;x
dog11_pic_desc;Hidden;;;;;;;;;;;;;x
dog12_pic_desc;Hidden;;;;;;;;;;;;;x
dog13_pic_desc;Hidden;;;;;;;;;;;;;x
dog14_pic_desc;Hidden;;;;;;;;;;;;;x
dog15_pic_desc;Hidden;;;;;;;;;;;;;x
dog16_pic_desc;Hidden;;;;;;;;;;;;;x
dog17_pic_desc;Hidden;;;;;;;;;;;;;x
dog18_pic_desc;Hidden;;;;;;;;;;;;;x
dog19_pic_desc;Hidden;;;;;;;;;;;;;x
dog20_pic_desc;Hidden;;;;;;;;;;;;;x
dog21_pic_desc;Hidden;;;;;;;;;;;;;x
dog22_pic_desc;Hidden;;;;;;;;;;;;;x
dog23_pic_desc;Hidden;;;;;;;;;;;;;x
dog24_pic_desc;Hidden;;;;;;;;;;;;;x
dog25_pic_desc;Hidden;;;;;;;;;;;;;x
dog26_pic_desc;Hidden;;;;;;;;;;;;;x
cat01_pic_desc;Hidden;;;;;;;;;;;;;x
cat02_pic_desc;Hidden;;;;;;;;;;;;;x
cat03_pic_desc;Hidden;;;;;;;;;;;;;x
cat04_pic_desc;Hidden;;;;;;;;;;;;;x
cat05_pic_desc;Hidden;;;;;;;;;;;;;x
cat06_pic_desc;Hidden;;;;;;;;;;;;;x
cat07_pic_desc;Hidden;;;;;;;;;;;;;x
cat08_pic_desc;Hidden;;;;;;;;;;;;;x
cat09_pic_desc;Hidden;;;;;;;;;;;;;x
cat10_pic_desc;Hidden;;;;;;;;;;;;;x
cat11_pic_desc;Hidden;;;;;;;;;;;;;x
cat12_pic_desc;Hidden;;;;;;;;;;;;;x
cat13_pic_desc;Hidden;;;;;;;;;;;;;x
cat14_pic_desc;Hidden;;;;;;;;;;;;;x
cat15_pic_desc;Hidden;;;;;;;;;;;;;x
cat16_pic_desc;Hidden;;;;;;;;;;;;;x
cat17_pic_desc;Hidden;;;;;;;;;;;;;x
cat18_pic_desc;Hidden;;;;;;;;;;;;;x
cat19_pic_desc;Hidden;;;;;;;;;;;;;x
cat20_pic_desc;Hidden;;;;;;;;;;;;;x
cat21_pic_desc;Hidden;;;;;;;;;;;;;x
cat22_pic_desc;Hidden;;;;;;;;;;;;;x
cat23_pic_desc;Hidden;;;;;;;;;;;;;x
cat24_pic_desc;Hidden;;;;;;;;;;;;;x
cat25_pic_desc;Hidden;;;;;;;;;;;;;x
cat26_pic_desc;Hidden;;;;;;;;;;;;;x
fox01_pic_desc;Hidden;;;;;;;;;;;;;x
fox02_pic_desc;Hidden;;;;;;;;;;;;;x
fox03_pic_desc;Hidden;;;;;;;;;;;;;x
fox04_pic_desc;Hidden;;;;;;;;;;;;;x
fox05_pic_desc;Hidden;;;;;;;;;;;;;x
fox06_pic_desc;Hidden;;;;;;;;;;;;;x
fox07_pic_desc;Hidden;;;;;;;;;;;;;x
fox08_pic_desc;Hidden;;;;;;;;;;;;;x
fox09_pic_desc;Hidden;;;;;;;;;;;;;x
fox10_pic_desc;Hidden;;;;;;;;;;;;;x
fox11_pic_desc;Hidden;;;;;;;;;;;;;x
fox12_pic_desc;Hidden;;;;;;;;;;;;;x
fox13_pic_desc;Hidden;;;;;;;;;;;;;x
fox14_pic_desc;Hidden;;;;;;;;;;;;;x
fox15_pic_desc;Hidden;;;;;;;;;;;;;x
fox16_pic_desc;Hidden;;;;;;;;;;;;;x
fox17_pic_desc;Hidden;;;;;;;;;;;;;x
fox18_pic_desc;Hidden;;;;;;;;;;;;;x
fox19_pic_desc;Hidden;;;;;;;;;;;;;x
fox20_pic_desc;Hidden;;;;;;;;;;;;;x
fox21_pic_desc;Hidden;;;;;;;;;;;;;x
fox22_pic_desc;Hidden;;;;;;;;;;;;;x
fox23_pic_desc;Hidden;;;;;;;;;;;;;x
fox24_pic_desc;Hidden;;;;;;;;;;;;;x
fox25_pic_desc;Hidden;;;;;;;;;;;;;x
fox26_pic_desc;Hidden;;;;;;;;;;;;;x
dragon01_pic_desc;Hidden;;;;;;;;;;;;;x
dragon02_pic_desc;Hidden;;;;;;;;;;;;;x
dragon03_pic_desc;Hidden;;;;;;;;;;;;;x
dragon04_pic_desc;Hidden;;;;;;;;;;;;;x
dragon05_pic_desc;Hidden;;;;;;;;;;;;;x
dragon06_pic_desc;Hidden;;;;;;;;;;;;;x
dragon07_pic_desc;Hidden;;;;;;;;;;;;;x
dragon08_pic_desc;Hidden;;;;;;;;;;;;;x
dragon09_pic_desc;Hidden;;;;;;;;;;;;;x
dragon10_pic_desc;Hidden;;;;;;;;;;;;;x
dragon11_pic_desc;Hidden;;;;;;;;;;;;;x
dragon12_pic_desc;Hidden;;;;;;;;;;;;;x
dragon13_pic_desc;Hidden;;;;;;;;;;;;;x
dragon14_pic_desc;Hidden;;;;;;;;;;;;;x
dragon15_pic_desc;Hidden;;;;;;;;;;;;;x
dragon16_pic_desc;Hidden;;;;;;;;;;;;;x
dragon17_pic_desc;Hidden;;;;;;;;;;;;;x
dragon18_pic_desc;Hidden;;;;;;;;;;;;;x
dragon19_pic_desc;Hidden;;;;;;;;;;;;;x
dragon20_pic_desc;Hidden;;;;;;;;;;;;;x
dragon21_pic_desc;Hidden;;;;;;;;;;;;;x
dragon22_pic_desc;Hidden;;;;;;;;;;;;;x
dragon23_pic_desc;Hidden;;;;;;;;;;;;;x
dragon24_pic_desc;Hidden;;;;;;;;;;;;;x
dragon25_pic_desc;Hidden;;;;;;;;;;;;;x
dragon26_pic_desc;Hidden;;;;;;;;;;;;;x
demon01_pic_desc;Hidden;;;;;;;;;;;;;x
demon02_pic_desc;Hidden;;;;;;;;;;;;;x
demon03_pic_desc;Hidden;;;;;;;;;;;;;x
demon04_pic_desc;Hidden;;;;;;;;;;;;;x
demon05_pic_desc;Hidden;;;;;;;;;;;;;x
demon06_pic_desc;Hidden;;;;;;;;;;;;;x
demon07_pic_desc;Hidden;;;;;;;;;;;;;x
demon08_pic_desc;Hidden;;;;;;;;;;;;;x
demon09_pic_desc;Hidden;;;;;;;;;;;;;x
demon10_pic_desc;Hidden;;;;;;;;;;;;;x
demon11_pic_desc;Hidden;;;;;;;;;;;;;x
demon12_pic_desc;Hidden;;;;;;;;;;;;;x
demon13_pic_desc;Hidden;;;;;;;;;;;;;x
demon14_pic_desc;Hidden;;;;;;;;;;;;;x
demon15_pic_desc;Hidden;;;;;;;;;;;;;x
demon16_pic_desc;Hidden;;;;;;;;;;;;;x
demon17_pic_desc;Hidden;;;;;;;;;;;;;x
demon18_pic_desc;Hidden;;;;;;;;;;;;;x
demon19_pic_desc;Hidden;;;;;;;;;;;;;x
demon20_pic_desc;Hidden;;;;;;;;;;;;;x
demon21_pic_desc;Hidden;;;;;;;;;;;;;x
demon22_pic_desc;Hidden;;;;;;;;;;;;;x
demon23_pic_desc;Hidden;;;;;;;;;;;;;x
demon24_pic_desc;Hidden;;;;;;;;;;;;;x
demon25_pic_desc;Hidden;;;;;;;;;;;;;x
demon26_pic_desc;Hidden;;;;;;;;;;;;;x
angel01_pic_desc;Hidden;;;;;;;;;;;;;x
angel02_pic_desc;Hidden;;;;;;;;;;;;;x
angel03_pic_desc;Hidden;;;;;;;;;;;;;x
angel04_pic_desc;Hidden;;;;;;;;;;;;;x
angel05_pic_desc;Hidden;;;;;;;;;;;;;x
angel06_pic_desc;Hidden;;;;;;;;;;;;;x
angel07_pic_desc;Hidden;;;;;;;;;;;;;x
angel08_pic_desc;Hidden;;;;;;;;;;;;;x
angel09_pic_desc;Hidden;;;;;;;;;;;;;x
angel10_pic_desc;Hidden;;;;;;;;;;;;;x
angel11_pic_desc;Hidden;;;;;;;;;;;;;x
angel12_pic_desc;Hidden;;;;;;;;;;;;;x
angel13_pic_desc;Hidden;;;;;;;;;;;;;x
angel14_pic_desc;Hidden;;;;;;;;;;;;;x
angel15_pic_desc;Hidden;;;;;;;;;;;;;x
angel16_pic_desc;Hidden;;;;;;;;;;;;;x
angel17_pic_desc;Hidden;;;;;;;;;;;;;x
angel18_pic_desc;Hidden;;;;;;;;;;;;;x
angel19_pic_desc;Hidden;;;;;;;;;;;;;x
angel20_pic_desc;Hidden;;;;;;;;;;;;;x
angel21_pic_desc;Hidden;;;;;;;;;;;;;x
angel22_pic_desc;Hidden;;;;;;;;;;;;;x
angel23_pic_desc;Hidden;;;;;;;;;;;;;x
angel24_pic_desc;Hidden;;;;;;;;;;;;;x
angel25_pic_desc;Hidden;;;;;;;;;;;;;x
angel26_pic_desc;Hidden;;;;;;;;;;;;;x
orc01_pic_desc;Hidden;;;;;;;;;;;;;x
orc02_pic_desc;Hidden;;;;;;;;;;;;;x
orc03_pic_desc;Hidden;;;;;;;;;;;;;x
orc04_pic_desc;Hidden;;;;;;;;;;;;;x
orc05_pic_desc;Hidden;;;;;;;;;;;;;x
orc06_pic_desc;Hidden;;;;;;;;;;;;;x
orc07_pic_desc;Hidden;;;;;;;;;;;;;x
orc08_pic_desc;Hidden;;;;;;;;;;;;;x
orc09_pic_desc;Hidden;;;;;;;;;;;;;x
orc10_pic_desc;Hidden;;;;;;;;;;;;;x
orc11_pic_desc;Hidden;;;;;;;;;;;;;x
orc12_pic_desc;Hidden;;;;;;;;;;;;;x
orc13_pic_desc;Hidden;;;;;;;;;;;;;x
orc14_pic_desc;Hidden;;;;;;;;;;;;;x
orc15_pic_desc;Hidden;;;;;;;;;;;;;x
orc16_pic_desc;Hidden;;;;;;;;;;;;;x
orc17_pic_desc;Hidden;;;;;;;;;;;;;x
orc18_pic_desc;Hidden;;;;;;;;;;;;;x
orc19_pic_desc;Hidden;;;;;;;;;;;;;x
orc20_pic_desc;Hidden;;;;;;;;;;;;;x
orc21_pic_desc;Hidden;;;;;;;;;;;;;x
orc22_pic_desc;Hidden;;;;;;;;;;;;;x
orc23_pic_desc;Hidden;;;;;;;;;;;;;x
orc24_pic_desc;Hidden;;;;;;;;;;;;;x
orc25_pic_desc;Hidden;;;;;;;;;;;;;x
orc26_pic_desc;Hidden;;;;;;;;;;;;;x
elf01_pic_desc;Hidden;;;;;;;;;;;;;x
elf02_pic_desc;Hidden;;;;;;;;;;;;;x
elf03_pic_desc;Hidden;;;;;;;;;;;;;x
elf04_pic_desc;Hidden;;;;;;;;;;;;;x
elf05_pic_desc;Hidden;;;;;;;;;;;;;x
elf06_pic_desc;Hidden;;;;;;;;;;;;;x
elf07_pic_desc;Hidden;;;;;;;;;;;;;x
elf08_pic_desc;Hidden;;;;;;;;;;;;;x
elf09_pic_desc;Hidden;;;;;;;;;;;;;x
elf10_pic_desc;Hidden;;;;;;;;;;;;;x
elf11_pic_desc;Hidden;;;;;;;;;;;;;x
elf12_pic_desc;Hidden;;;;;;;;;;;;;x
elf13_pic_desc;Hidden;;;;;;;;;;;;;x
elf14_pic_desc;Hidden;;;;;;;;;;;;;x
elf15_pic_desc;Hidden;;;;;;;;;;;;;x
elf16_pic_desc;Hidden;;;;;;;;;;;;;x
elf17_pic_desc;Hidden;;;;;;;;;;;;;x
elf18_pic_desc;Hidden;;;;;;;;;;;;;x
elf19_pic_desc;Hidden;;;;;;;;;;;;;x
elf20_pic_desc;Hidden;;;;;;;;;;;;;x
elf21_pic_desc;Hidden;;;;;;;;;;;;;x
elf22_pic_desc;Hidden;;;;;;;;;;;;;x
elf23_pic_desc;Hidden;;;;;;;;;;;;;x
elf24_pic_desc;Hidden;;;;;;;;;;;;;x
elf25_pic_desc;Hidden;;;;;;;;;;;;;x
elf26_pic_desc;Hidden;;;;;;;;;;;;;x
fae01_pic_desc;Hidden;;;;;;;;;;;;;x
fae02_pic_desc;Hidden;;;;;;;;;;;;;x
fae03_pic_desc;Hidden;;;;;;;;;;;;;x
fae04_pic_desc;Hidden;;;;;;;;;;;;;x
fae05_pic_desc;Hidden;;;;;;;;;;;;;x
fae06_pic_desc;Hidden;;;;;;;;;;;;;x
fae07_pic_desc;Hidden;;;;;;;;;;;;;x
fae08_pic_desc;Hidden;;;;;;;;;;;;;x
fae09_pic_desc;Hidden;;;;;;;;;;;;;x
fae10_pic_desc;Hidden;;;;;;;;;;;;;x
fae11_pic_desc;Hidden;;;;;;;;;;;;;x
fae12_pic_desc;Hidden;;;;;;;;;;;;;x
fae13_pic_desc;Hidden;;;;;;;;;;;;;x
fae14_pic_desc;Hidden;;;;;;;;;;;;;x
fae15_pic_desc;Hidden;;;;;;;;;;;;;x
fae16_pic_desc;Hidden;;;;;;;;;;;;;x
fae17_pic_desc;Hidden;;;;;;;;;;;;;x
fae18_pic_desc;Hidden;;;;;;;;;;;;;x
fae19_pic_desc;Hidden;;;;;;;;;;;;;x
fae20_pic_desc;Hidden;;;;;;;;;;;;;x
fae21_pic_desc;Hidden;;;;;;;;;;;;;x
fae22_pic_desc;Hidden;;;;;;;;;;;;;x
fae23_pic_desc;Hidden;;;;;;;;;;;;;x
fae24_pic_desc;Hidden;;;;;;;;;;;;;x
fae25_pic_desc;Hidden;;;;;;;;;;;;;x
fae26_pic_desc;Hidden;;;;;;;;;;;;;x
nymph01_pic_desc;Hidden;;;;;;;;;;;;;x
nymph02_pic_desc;Hidden;;;;;;;;;;;;;x
nymph03_pic_desc;Hidden;;;;;;;;;;;;;x
nymph04_pic_desc;Hidden;;;;;;;;;;;;;x
nymph05_pic_desc;Hidden;;;;;;;;;;;;;x
nymph06_pic_desc;Hidden;;;;;;;;;;;;;x
nymph07_pic_desc;Hidden;;;;;;;;;;;;;x
nymph08_pic_desc;Hidden;;;;;;;;;;;;;x
nymph09_pic_desc;Hidden;;;;;;;;;;;;;x
nymph10_pic_desc;Hidden;;;;;;;;;;;;;x
nymph11_pic_desc;Hidden;;;;;;;;;;;;;x
nymph12_pic_desc;Hidden;;;;;;;;;;;;;x
nymph13_pic_desc;Hidden;;;;;;;;;;;;;x
nymph14_pic_desc;Hidden;;;;;;;;;;;;;x
nymph15_pic_desc;Hidden;;;;;;;;;;;;;x
nymph16_pic_desc;Hidden;;;;;;;;;;;;;x
nymph17_pic_desc;Hidden;;;;;;;;;;;;;x
nymph18_pic_desc;Hidden;;;;;;;;;;;;;x
nymph19_pic_desc;Hidden;;;;;;;;;;;;;x
nymph20_pic_desc;Hidden;;;;;;;;;;;;;x
nymph21_pic_desc;Hidden;;;;;;;;;;;;;x
nymph22_pic_desc;Hidden;;;;;;;;;;;;;x
nymph23_pic_desc;Hidden;;;;;;;;;;;;;x
nymph24_pic_desc;Hidden;;;;;;;;;;;;;x
nymph25_pic_desc;Hidden;;;;;;;;;;;;;x
nymph26_pic_desc;Hidden;;;;;;;;;;;;;x
genie01_pic_desc;Hidden;;;;;;;;;;;;;x
genie02_pic_desc;Hidden;;;;;;;;;;;;;x
genie03_pic_desc;Hidden;;;;;;;;;;;;;x
genie04_pic_desc;Hidden;;;;;;;;;;;;;x
genie05_pic_desc;Hidden;;;;;;;;;;;;;x
genie06_pic_desc;Hidden;;;;;;;;;;;;;x
genie07_pic_desc;Hidden;;;;;;;;;;;;;x
genie08_pic_desc;Hidden;;;;;;;;;;;;;x
genie09_pic_desc;Hidden;;;;;;;;;;;;;x
genie10_pic_desc;Hidden;;;;;;;;;;;;;x
genie11_pic_desc;Hidden;;;;;;;;;;;;;x
genie12_pic_desc;Hidden;;;;;;;;;;;;;x
genie13_pic_desc;Hidden;;;;;;;;;;;;;x
genie14_pic_desc;Hidden;;;;;;;;;;;;;x
genie15_pic_desc;Hidden;;;;;;;;;;;;;x
genie16_pic_desc;Hidden;;;;;;;;;;;;;x
genie17_pic_desc;Hidden;;;;;;;;;;;;;x
genie18_pic_desc;Hidden;;;;;;;;;;;;;x
genie19_pic_desc;Hidden;;;;;;;;;;;;;x
genie20_pic_desc;Hidden;;;;;;;;;;;;;x
genie21_pic_desc;Hidden;;;;;;;;;;;;;x
genie22_pic_desc;Hidden;;;;;;;;;;;;;x
genie23_pic_desc;Hidden;;;;;;;;;;;;;x
genie24_pic_desc;Hidden;;;;;;;;;;;;;x
genie25_pic_desc;Hidden;;;;;;;;;;;;;x
genie26_pic_desc;Hidden;;;;;;;;;;;;;x
vampire01_pic_desc;Hidden;;;;;;;;;;;;;x
vampire02_pic_desc;Hidden;;;;;;;;;;;;;x
vampire03_pic_desc;Hidden;;;;;;;;;;;;;x
vampire04_pic_desc;Hidden;;;;;;;;;;;;;x
vampire05_pic_desc;Hidden;;;;;;;;;;;;;x
vampire06_pic_desc;Hidden;;;;;;;;;;;;;x
vampire07_pic_desc;Hidden;;;;;;;;;;;;;x
vampire08_pic_desc;Hidden;;;;;;;;;;;;;x
vampire09_pic_desc;Hidden;;;;;;;;;;;;;x
vampire10_pic_desc;Hidden;;;;;;;;;;;;;x
vampire11_pic_desc;Hidden;;;;;;;;;;;;;x
vampire12_pic_desc;Hidden;;;;;;;;;;;;;x
vampire13_pic_desc;Hidden;;;;;;;;;;;;;x
vampire14_pic_desc;Hidden;;;;;;;;;;;;;x
vampire15_pic_desc;Hidden;;;;;;;;;;;;;x
vampire16_pic_desc;Hidden;;;;;;;;;;;;;x
vampire17_pic_desc;Hidden;;;;;;;;;;;;;x
vampire18_pic_desc;Hidden;;;;;;;;;;;;;x
vampire19_pic_desc;Hidden;;;;;;;;;;;;;x
vampire20_pic_desc;Hidden;;;;;;;;;;;;;x
vampire21_pic_desc;Hidden;;;;;;;;;;;;;x
vampire22_pic_desc;Hidden;;;;;;;;;;;;;x
vampire23_pic_desc;Hidden;;;;;;;;;;;;;x
vampire24_pic_desc;Hidden;;;;;;;;;;;;;x
vampire25_pic_desc;Hidden;;;;;;;;;;;;;x
vampire26_pic_desc;Hidden;;;;;;;;;;;;;x
